Season,Total_Tournament_Teams,Test_Teams,At_Large_Teams,Auto_Qualifier_Teams,Power_Conf_Teams,Mid_Major_Teams,Unique_Conferences,Avg_NET_Rank,Avg_NETSOS,Avg_Win_Pct,Squared_Error,Exact_Matches,Exact_Match_Pct,RMSE,V12_Squared_Error,V12_Exact_Matches,V12_RMSE,Zone_Improvement_SE,Zone_Improvement_Exact
2020-21,68,18,37,31,42,26,31,54.19117647058823,106.17647058823529,0.7016620709402708,2,16,88.88888888888889,0.3333333333333333,8,16,0.6666666666666666,6,0
2021-22,68,17,36,32,42,26,32,57.98529411764706,115.79411764705883,0.7268511619471549,2,15,88.23529411764706,0.3429971702850177,297,9,4.1797832761154154,295,6
2022-23,68,21,36,32,43,25,32,57.6764705882353,111.32352941176471,0.720034074862651,0,21,100.0,0.0,52,11,1.5735915849388864,52,10
2023-24,68,21,36,32,42,26,32,64.02941176470588,117.73529411764706,0.7073704286706959,8,19,90.47619047619048,0.6172133998483676,104,11,2.2253945610567474,96,8
2024-25,68,14,37,31,44,24,31,60.11764705882353,110.04411764705883,0.7202516492549921,2,12,85.71428571428571,0.3779644730092272,100,10,2.6726124191242437,98,2
